{
"kipling": [43.63718620573283, -79.53565879067082],
"islington": [43.645167805202, -79.52416820725102],
"royal york": [43.648350832160986, -79.51097173889775],
"old mill": [43.64998109772191, -79.49510379036565],
"jane": [43.65013635880088, -79.48387069901128],
"runnymede": [43.65192959517397, -79.47612447937627],
"high park": [43.65387026685041, -79.46676893433232],
"keele": [43.65538394722314, -79.4598488350739],
"dundas west": [43.65699849756625, -79.45264978607793],
"lansdowne": [43.65930381391419, -79.44240374764104],
"dufferin": [43.66019642105266, -79.43549437721867],
"ossington": [43.66243952302365, -79.42620320519109],
"christie": [43.66409268986211, -79.41839261253972],
"bathurst": [43.66652190876639, -79.41130085190434],
"spadina": [43.66736784370979, -79.40377993782658],
"st george": [43.66883462007908, -79.39804001053471],
"bay": [43.66979693007649, -79.39118428429265],
"bloor-yonge": [43.67089891128415, -79.38595934113164],
"sherbourne": [43.67210175499902, -79.37630338867802],
"castle frank": [43.67397969504892, -79.3689863224854],
"broadview": [43.67694392710505, -79.35827894409795],
"chester": [43.67807681481664, -79.35247464378972],
"pape": [43.68014854729294, -79.34472842415471],
"donlands": [43.68093997677094, -79.33758301933904],
"greenwood": [43.68258875465279, -79.33023376663823],
"coxwell": [43.6841094696106, -79.32278795441289],
"woodbine": [43.68648744914603, -79.31267602642674],
"main street": [43.68889636655235, -79.3016092320313],
"victoria park": [43.69442758853187, -79.28904576500554],
"warden": [43.71159595108625, -79.27957220276494],
"kennedy": [43.73269385148369, -79.26352722843785]
}
