{
"downsview": [43.750041131439794, -79.4626597901215],
"wilson": [43.73453888595893, -79.45081515511174],
"yorkdale": [43.72452230124122, -79.44768233498235],
"lawrence west": [43.71614801935013, -79.44446368416448],
"glencairn": [43.70854812099953, -79.44098754128117],
"eglinton west": [43.69908567637653, -79.43609519203801],
"st. clair west": [43.68394265837257, -79.41588206490178],
"dupont": [43.674802245323875, -79.40712733467717 ],
"spadina": [43.667383365340534, -79.40418763359685],
"st. george": [43.668811338194494, -79.39772887428899],
"museum": [43.66663056162829, -79.39327640732427],
"queen's park": [43.65985490336708, -79.39047618111272],
"st. patrick": [43.654809529420135, -79.38829822739262],
"osgoode": [43.650819502780216, -79.38659234245915],
"st. andrew": [43.6476443700094, -79.38478989800115],
"union": [43.64575784244652, -79.3798278113236],
"king": [43.64915044413205, -79.37790734966893],
"queen": [43.65239536209575, -79.37925918301244 ],
"dundas": [43.656299899380535, -79.38090069492955],
"college": [43.66136843288313, -79.38312156399388],
"wellesley": [43.66494642016908, -79.38456995686192],
"bloor": [43.670208235288264, -79.38675863941808 ],
"rosedale": [43.67650938915676, -79.38934428890843],
"summerhill": [43.68245297465707, -79.39179046353001],
"st. clair": [43.688070130419874, -79.394129349791],
"davisville": [43.69770496533955, -79.3964896937241],
"eglinton": [43.70617489407027, -79.39822776516576 ],
"lawrence": [43.72565429027769, -79.40245492657323],
"york mills": [43.74492583419642, -79.40691812237401],
"shepphard": [43.761463716937186, -79.41095216473241],
"north york centre": [43.7678327599298, -79.41254003246922],
"finch": [43.7805843039338, -79.41573722561498]
}
